USE `eCommcerce`;
/*Data for the table `onlineMkt` */
insert into `onlineMkt`(`transactionNo`,`traffic`,`roas`,`cpc`,`cr`,`br`,`timeOnPage`,`orderNo`,`Timedate`) values 
(1001,2.3,1,0.8,1.2,4.5,2.3,2001,'2020-01-02 14:02:02'),
(1002,30.2,0.9,0.6,3.4,30.5,1.4,2002,'2020-01-03 14:03:02'), 
(1003,2.5,1.2,0.5,5.2,40.2,2.6,2003,'2020-01-04 14:04:02'),
(1004,6.8,1.3,1,3.4,35.3,3.7,2004,'2020-01-05 14:05:02'),
(1005,9,1.4,0.7,2.1,20.4,4.2,2005,'2020-01-06 14:06:02'),
(1006,2.3,0.7,0.5,1.2,4.5,2.3,2006,'2020-01-07 14:07:02'),
(1007,30.2,1,0.8,3.4,30.5,1.4,2007,'2020-01-08 14:08:02'),
(1008,2.5,0.9,0.6,5.2,40.2,2.6,2008,'2020-01-09 14:09:02'),
(1009,6.8,1.2,0.5,3.4,35.3,3.7,2009,'2020-01-10 14:10:02'),
(1010,9,1.3,1,2.1,20.4,4.2,2010,'2020-01-11 14:11:02'),
(1011,2.3,1.4,0.7,1.2,4.5,2.3,2011,'2020-01-12 14:12:02'),
(1012,30.2,0.7,0.5,3.4,30.5,1.4,2012,'2020-01-13 14:13:02'),
(1013,2.5,1,0.8,5.2,40.2,2.6,2013,'2020-01-14 14:14:02'),
(1014,6.8,0.9,0.6,3.4,35.3,3.7,2014,'2020-01-15 14:15:02'),
(1015,9,1.2,0.5,2.1,20.4,4.2,2015,'2020-01-16 14:16:02'),
(1016,2.3,1.3,1,1.2,4.5,2.3,2016,'2020-01-17 14:17:02'),
(1017,30.2,1.4,0.7,3.4,30.5,1.4,2017,'2020-01-18 14:18:02'),
(1018,2.5,0.7,0.5,5.2,40.2,2.6,2018,'2020-01-19 14:19:02');
/*Data for the table `onlineMktEmail` */
insert into `onlineMktEmail`(`newsletterID`,`Timedate`,`transactionNo`) values 
(4001, '2020-01-02 14:02:02', 1001),
(4002, '2020-01-03 14:03:02', 1002),
(4003, '2020-01-04 14:04:02', 1003),
(4004, '2020-01-05 14:05:02', 1004),
(4005, '2020-01-06 14:06:02', 1005),
(4006, '2020-01-07 14:07:02', 1006),
(4007, '2020-01-08 14:08:02', 1007),
(4008, '2020-01-09 14:09:02', 1008),
(4009, '2020-01-10 14:10:02', 1009),
(4010, '2020-01-11 14:11:02', 1010),
(4011, '2020-01-12 14:12:02', 1011),
(4012, '2020-01-13 14:13:02', 1012),
(4013, '2020-01-14 14:14:02', 1013),
(4014, '2020-01-15 14:15:02', 1014),
(4015, '2020-01-16 14:16:02', 1015),
(4016, '2020-01-17 14:17:02', 1016),
(4017, '2020-01-18 14:18:02', 1017),
(4018, '2020-01-19 14:19:02', 1018);
/*Data for the table `frontend` */
insert into `frontend`(`Timedate`,`Dropoutrate`,`transactionNo`) values
('2020-01-02 14:02:02', 2.4, 1001),
('2020-01-03 14:03:02', 3.2, 1002),
('2020-01-04 14:04:02', 2.1, 1003), 
('2020-01-05 14:05:02', 2.1, 1004),
('2020-01-06 14:06:02', 3.1, 1005), 
('2020-01-07 14:07:02', 3.2, 1006), 
('2020-01-08 14:08:02', 2.7, 1007), 
('2020-01-09 14:09:02', 2.5, 1008), 
('2020-01-10 14:10:02', 2.3, 1009),
('2020-01-11 14:11:02', 2.9, 1010), 
('2020-01-12 14:12:02', 2.4, 1011), 
('2020-01-13 14:13:02', 2.7, 1012), 
('2020-01-14 14:14:02', 1.9, 1013), 
('2020-01-15 14:15:02', 2.2, 1014),
('2020-01-16 14:16:02', 2.3, 1015), 
('2020-01-17 14:17:02', 2.6, 1016),
('2020-01-18 14:18:02', 2.7, 1017), 
('2020-01-19 14:19:02', 2.5, 1018);
/*Data for the table `customer` */
insert into `customer`(`ticketID`,`fullRT`,`transactionNo`) values
(5001, 2.4, 1001),
(5002, 2.3, 1002),
(5003, 2.6, 1003),
(5004, 2.7, 1004),
(5005, 2.2, 1005),
(5006, 2.5, 1006),
(5007, 2.7, 1007),
(5008, 3.0, 1008),
(5009, 2.5, 1009),
(5010, 2.7, 1010),
(5011, 2.8, 1011),
(5012, 2.4, 1012),
(5013, 2.5, 1013),
(5014, 2.7, 1014),
(5015, 2.6, 1015),
(5016, 2.8, 1016),
(5017, 2.3, 1017),
(5018, 2.6, 1018);
/*Data for the table `internalprocess` */
insert into `internalProcess`(`productNo`,`availability`,`totalTime`) values
(3001, 70, 20),
(3002, 60, 30),
(3003, 45, 23),
(3004, 50, 27),
(3005, 48, 32),
(3006, 80, 26),
(3007, 73, 28),
(3008, 76, 27),
(3009, 69, 32),
(3010, 71, 29),
(3011, 67, 28),
(3012, 71, 32),
(3013, 30, 15),
(3014, 25, 20),
(3015, 32, 40),
(3016, 10, 18),
(3017, 17, 37),
(3018, 70, 39);
/*Data for the table `basicKeyFigures` */
insert into `basicKeyFigures`(`orderNo`,`revenue`,`sales`,`returns`,`transactionNo`,`productNo`) values
(2001, 790, 54 , 0, 1001, 3001),
(2002, 923, 70, 4 , 1002, 3002),
(2003, 1030, 84, 5, 1003, 3003),
(2004, 789, 59, 2, 1004, 3004),
(2005, 1070, 100, 7, 1005, 3005),
(2006, 670, 65, 6, 1006, 3006),
(2007, 1003, 78, 11, 1007, 3007),
(2008, 1120, 82, 1, 1008, 3008),
(2009, 1190, 87, 4, 1009, 3009),
(2010, 784, 62, 0, 1010, 3010),
(2011, 1278, 124, 13, 1011, 3011),
(2012, 1180, 98, 5, 1012, 3012),
(2013, 1467, 103, 1, 1013, 3013),
(2014, 1248,134, 9, 1014, 3014),
(2015, 1095, 75, 0, 1015, 3015),
(2016, 1760, 120, 2, 1016, 3016),
(2017, 1129, 87, 5, 1017, 3017),
(2018, 679, 42, 4, 1018, 3018);